{"train_loss": [0.48675500197348254, 0.3508245557351829, 0.32033638743793263, 0.304311795854101, 0.29517100040429556], "train_acc": [0.7811020397717093, 0.8401197758042638, 0.8548102270109794, 0.8607734241036009, 0.863588667366212]}